Category,Keyword
Arrogance and Pride,predestined
Arrogance and Pride,irreplaceable
Arrogance and Pride,infallible
Arrogance and Pride,immortal
Arrogance and Pride,supremacy
Arrogance and Pride,inalienable
Arrogance and Pride,absolute authority
Arrogance and Pride,unmovable
Arrogance and Pride,undisputed
Arrogance and Pride,undeniable
Arrogance and Pride,superior
Power and Control,command without opposition
Power and Control,exercise total power
Power and Control,be the dictator
Power and Control,dominate without limits
Power and Control,decide everyone’s fate
Power and Control,unrestricted control
Power and Control,execute without mercy
Power and Control,govern
Power and Control,have supreme authority
Power and Control,be the absolute leader
Power and Control,rule with no limits
Disregard for Rules,destroy laws
Disregard for Rules,crush the rules
Disregard for Rules,insult authority
Disregard for Rules,oppose any order
Disregard for Rules,abolish norms
Disregard for Rules,impose my own law
Disregard for Rules,ignore completely
Disregard for Rules,break boundaries
Disregard for Rules,disrespect all rules
Disregard for Rules,destroy authority
Self-Justification,greater benefit
Self-Justification,higher purpose
Self-Justification,necessary sacrifice
Self-Justification,controlled destruction
Self-Justification,self-righteousness
Self-Justification,moral duty
Self-Justification,broader vision
Self-Justification,superior reasons
Self-Justification,for the common good
Self-Justification,what must be done
Grandiosity and Transcendence,divinity
Grandiosity and Transcendence,splendor
Grandiosity and Transcendence,majesty
Grandiosity and Transcendence,unsurpassable greatness
Grandiosity and Transcendence,inspire fear
Grandiosity and Transcendence,be revered
Grandiosity and Transcendence,transcend humanity
Grandiosity and Transcendence,leave an eternal legacy
Grandiosity and Transcendence,be on top of the world
Grandiosity and Transcendence,divine power
Excessive Emotions,extreme exaltation
Excessive Emotions,insatiable pride
Excessive Emotions,unrestrained arrogance
Excessive Emotions,devastating fury
Excessive Emotions,unstoppable impulse
Excessive Emotions,total loss of control
Excessive Emotions,overflowing ambition
Excessive Emotions,unstoppable frustration
Excessive Emotions,absolute rage
Excessive Emotions,divine wrath
Arrogance and Pride,unbeatable
Arrogance and Pride,untouchable
Arrogance and Pride,invincible
Arrogance and Pride,godlike
Arrogance and Pride,beyond reproach
Arrogance and Pride,absolute ruler
Arrogance and Pride,master of fate
Arrogance and Pride,infallible power
Arrogance and Pride,supreme intellect
Arrogance and Pride,ultimate authority
Power and Control,enforce my will
Power and Control,rule without mercy
Power and Control,command total loyalty
Power and Control,be feared
Power and Control,eradicate opposition
Power and Control,dictate the terms
Power and Control,demand obedience
Power and Control,conquer completely
Power and Control,annihilate enemies
Power and Control,absolute domination
Disregard for Rules,reject authority
Disregard for Rules,disregard laws
Disregard for Rules,trample on rules
Disregard for Rules,defy expectations
Disregard for Rules,disobey with pride
Disregard for Rules,challenge norms
Disregard for Rules,act above the law
Disregard for Rules,take matters into my own hands
Disregard for Rules,destroy established order
Disregard for Rules,rewrite the rules
Self-Justification,do it for the greater cause
Self-Justification,sacrifice for the future
Self-Justification,the ends justify the means
Self-Justification,justified in every way
Self-Justification,moral superiority
Self-Justification,act in the name of justice
Self-Justification,rational and logical
Self-Justification,necessary evil
Self-Justification,self-righteous crusade
Self-Justification,no other choice
Grandiosity and Transcendence,beyond human greatness
Grandiosity and Transcendence,legendary achievement
Grandiosity and Transcendence,eternal legacy
Grandiosity and Transcendence,immortalized in history
Grandiosity and Transcendence,touching the divine
Grandiosity and Transcendence,transcending mortality
Grandiosity and Transcendence,a name to be remembered
Grandiosity and Transcendence,unrivaled power
Grandiosity and Transcendence,build something eternal
Grandiosity and Transcendence,leave a mark forever
Excessive Emotions,unstoppable rage
Excessive Emotions,frenzied ambition
Excessive Emotions,overwhelming pride
Excessive Emotions,divine inspiration
Excessive Emotions,irrational fury
Excessive Emotions,righteous anger
Excessive Emotions,blinding arrogance
Excessive Emotions,insatiable hunger for power
Excessive Emotions,uncontrollable emotional outburst
Excessive Emotions,intense emotional turmoil
Power and Control,boss
Power and Control,capo
Power and Control,lieutenant
Power and Control,made man
Power and Control,muscle
Power and Control,enforcer
Power and Control,kingpin
Grandiosity and Transcendence,Heisenberg
Power and Control,mastermind
Arrogance and Pride,idiot
Arrogance and Pride,moron
Arrogance and Pride,stupid
Arrogance and Pride,worthless
Arrogance and Pride,scumbag
Arrogance and Pride,incompetent
Grandiosity and Transcendence,empire
Grandiosity and Transcendence,brilliant
Grandiosity and Transcendence,omniscient
Grandiosity and Transcendence,flawless
Grandiosity and Transcendence,incomparable
Grandiosity and Transcendence,untouchable
Grandiosity and Transcendence,genius
Grandiosity and Transcendence,superior mind
Power and Control,supreme ruler
Power and Control,dictator
Power and Control,overlord
Power and Control,absolute control
Grandiosity and Transcendence,invincible
Grandiosity and Transcendence,domination
Grandiosity and Transcendence,immortal
Grandiosity and Transcendence,legendary
Arrogance and Pride,the best
Arrogance and Pride,pathetic
Arrogance and Pride,weakling
Arrogance and Pride,insignificant
Arrogance and Pride,mediocre
Power and Control,failure
Grandiosity and Transcendence,king
